<?xml version="1.0" encoding="utf-8"?>
<PIES xmlns:xsi="http://www.w3.org/2001/XMLSchema-instance" xmlns:xsd="http://www.w3.org/2001/XMLSchema" xmlns="http://www.autocare.org">
	<Header>
		<PIESVersion>7.2</PIESVersion>
		<SubmissionType>FULL</SubmissionType>
		<ParentAAIAID>BFCN</ParentAAIAID>
		<ContactEmail>hunter.browning@grote.com</ContactEmail>
		<PCdbVersionDate>2025-09-25</PCdbVersionDate>
		<PAdbVersionDate>2025-09-25</PAdbVersionDate>
	</Header>
	<Items>
		
		<Item MaintenanceType="A">
			<HazardousMaterialCode>N</HazardousMaterialCode>
			<ItemLevelGTIN GTINQualifier="EN">00089373179100</ItemLevelGTIN>
			<PartNumber>00210</PartNumber>
			<BrandAAIAID>BBTF</BrandAAIAID>
			<BrandLabel>Grote</BrandLabel>
			<ACESApplications>N</ACESApplications>
			<ItemQuantitySize UOM="EA">1.0</ItemQuantitySize>
			<MinimumOrderQuantity UOM="EA">1</MinimumOrderQuantity>
			<PartTerminologyID>18780</PartTerminologyID>
			<Descriptions>
				<Description MaintenanceType="A" DescriptionCode="DES">BriteZone™ LED Work Lights, Counter Top Display, 33" x 12" x 16"</Description>
				<Description MaintenanceType="A" DescriptionCode="MKT">BriteZone™, Grote’s line of affordable LED lights, are designed to work when you need them—no excuses. Rain or shine, day or night, wet or dry—Grote’s signature design, quality and performance are on display. With rugged, durable construction and LED power that far outshines halogen, BriteZone™ lights get the job done.</Description>
				<Description MaintenanceType="A" DescriptionCode="SHO">Work Light</Description>
				<Description MaintenanceType="A" DescriptionCode="FAB" Sequence="1">Rugged, durable construction</Description>
				<Description MaintenanceType="A" DescriptionCode="FAB" Sequence="2">LED power that far outshines halogen</Description>
				<Description MaintenanceType="A" DescriptionCode="FAB" Sequence="3">Value priced to meet your budget</Description>
				<Description MaintenanceType="A" DescriptionCode="FAB" Sequence="4">Sheds light on any use—even tow trucks, garbage trucks and forklifts— without breaking the bank</Description>
			</Descriptions>
			<ExtendedInformation>
				<ExtendedProductInformation MaintenanceType="A" EXPICode="CTO">US</ExtendedProductInformation>
				<ExtendedProductInformation MaintenanceType="A" EXPICode="HSB">9023000000</ExtendedProductInformation>
				<ExtendedProductInformation MaintenanceType="A" EXPICode="LIF">9</ExtendedProductInformation>
				<ExtendedProductInformation MaintenanceType="A" EXPICode="LIS">Obsolete</ExtendedProductInformation>
				<ExtendedProductInformation MaintenanceType="A" EXPICode="MSR">N</ExtendedProductInformation>
				<ExtendedProductInformation MaintenanceType="A" EXPICode="NPC">W</ExtendedProductInformation>
				<ExtendedProductInformation MaintenanceType="A" EXPICode="PLC">3</ExtendedProductInformation>
				<ExtendedProductInformation MaintenanceType="A" EXPICode="PLM">2</ExtendedProductInformation>
			</ExtendedInformation>
			<ProductAttributes>
				<ProductAttribute MaintenanceType="A" AttributeID="Color" PADBAttribute="N">Gray,Yellow</ProductAttribute>
				<ProductAttribute MaintenanceType="A" AttributeID="Material" PADBAttribute="N">Sintra</ProductAttribute>
				<ProductAttribute MaintenanceType="A" AttributeID="Product Line - Trademark" PADBAttribute="N">BriteZone®</ProductAttribute>
			</ProductAttributes>
			<Packages>
				<Package MaintenanceType="A">
					<PackageUOM>PL</PackageUOM>
					<QuantityofEaches>6</QuantityofEaches>
					<Dimensions UOM="IN">
						<MerchandisingHeight>42.0000</MerchandisingHeight>
						<MerchandisingWidth>40.0000</MerchandisingWidth>
						<MerchandisingLength>48.0000</MerchandisingLength>
						<ShippingHeight>42.0000</ShippingHeight>
						<ShippingWidth>40.0000</ShippingWidth>
						<ShippingLength>48.0000</ShippingLength>
					</Dimensions>
					<Weights UOM="PG">
						<Weight>144.9600</Weight>
					</Weights>
				</Package>
				<Package MaintenanceType="A">
					<PackageLevelGTIN>00089373179100</PackageLevelGTIN>
					<PackageBarCodeCharacters>089373179100</PackageBarCodeCharacters>
					<PackageUOM>EA</PackageUOM>
					<QuantityofEaches>1</QuantityofEaches>
					<Dimensions UOM="IN">
						<MerchandisingHeight>18.2500</MerchandisingHeight>
						<MerchandisingWidth>14.0000</MerchandisingWidth>
						<MerchandisingLength>35.0000</MerchandisingLength>
						<ShippingHeight>18.2500</ShippingHeight>
						<ShippingWidth>14.0000</ShippingWidth>
						<ShippingLength>35.0000</ShippingLength>
					</Dimensions>
					<Weights UOM="PG">
						<Weight>24.1600</Weight>
					</Weights>
				</Package>
			</Packages>
			<DigitalAssets>
				<DigitalFileInformation MaintenanceType="A">
					<FileName>00210.jpg</FileName>
					<AssetType>P04</AssetType>
					<FileType>JPG</FileType>
					<Representation>A</Representation>
					<FileSize>657620</FileSize>
					<Resolution>300</Resolution>
					<ColorMode>RGB</ColorMode>
					<Background>WHI</Background>
					<OrientationView>FRO</OrientationView>
					<AssetDimensions UOM="PX">
						<AssetHeight>1500.0</AssetHeight>
						<AssetWidth>1500.0</AssetWidth>
					</AssetDimensions>
					<AssetDates>
						<AssetDate assetDateType="CRE">2024-04-22</AssetDate>
					</AssetDates>
				</DigitalFileInformation>
				<DigitalFileInformation MaintenanceType="A">
					<FileName>Brite_Zone_Data_Sheet_Rectangular_work_lamps.pdf</FileName>
					<AssetType>DAS</AssetType>
					<FileType>PDF</FileType>
					<FileSize>1974482</FileSize>
					<AssetDates>
						<AssetDate assetDateType="CRE">2024-05-30</AssetDate>
					</AssetDates>
				</DigitalFileInformation>
				<DigitalFileInformation MaintenanceType="A">
					<FileName>Brite_Zone_Data_Sheet_Rectangular_work_lamp_FR.pdf</FileName>
					<AssetType>DAS</AssetType>
					<FileType>PDF</FileType>
					<FileSize>1981754</FileSize>
					<AssetDates>
						<AssetDate assetDateType="CRE">2024-05-30</AssetDate>
					</AssetDates>
				</DigitalFileInformation>
				<DigitalFileInformation MaintenanceType="A">
					<FileName>Brite_Zone_Data_Sheet_Rectangular_work_lamp_SP.pdf</FileName>
					<AssetType>DAS</AssetType>
					<FileType>PDF</FileType>
					<FileSize>1985547</FileSize>
					<AssetDates>
						<AssetDate assetDateType="CRE">2024-05-30</AssetDate>
					</AssetDates>
				</DigitalFileInformation>
				<DigitalFileInformation MaintenanceType="A">
					<FileName>Brite_Zone_Data_Sheet_Round_work_lamps.pdf</FileName>
					<AssetType>DAS</AssetType>
					<FileType>PDF</FileType>
					<FileSize>2005944</FileSize>
					<AssetDates>
						<AssetDate assetDateType="CRE">2024-05-29</AssetDate>
					</AssetDates>
				</DigitalFileInformation>
				<DigitalFileInformation MaintenanceType="A">
					<FileName>Brite_Zone_Data_Sheet_Round_work_lamps_FR.pdf</FileName>
					<AssetType>DAS</AssetType>
					<FileType>PDF</FileType>
					<FileSize>1625523</FileSize>
					<AssetDates>
						<AssetDate assetDateType="CRE">2024-05-30</AssetDate>
					</AssetDates>
				</DigitalFileInformation>
				<DigitalFileInformation MaintenanceType="A">
					<FileName>Brite_Zone_Data_Sheet_Round_work_lamps_SP.pdf</FileName>
					<AssetType>DAS</AssetType>
					<FileType>PDF</FileType>
					<FileSize>1629810</FileSize>
					<AssetDates>
						<AssetDate assetDateType="CRE">2024-05-30</AssetDate>
					</AssetDates>
				</DigitalFileInformation>
				<DigitalFileInformation MaintenanceType="A">
					<FileName>Brite_Zone_Data_Sheet_Square_work_lamps.pdf</FileName>
					<AssetType>DAS</AssetType>
					<FileType>PDF</FileType>
					<FileSize>2065198</FileSize>
					<AssetDates>
						<AssetDate assetDateType="CRE">2024-05-29</AssetDate>
					</AssetDates>
				</DigitalFileInformation>
				<DigitalFileInformation MaintenanceType="A">
					<FileName>Brite_Zone_Handheld_Data_Sheet_-_FR.pdf</FileName>
					<AssetType>DAS</AssetType>
					<FileType>PDF</FileType>
					<FileSize>1336555</FileSize>
					<AssetDates>
						<AssetDate assetDateType="CRE">2024-05-29</AssetDate>
					</AssetDates>
				</DigitalFileInformation>
				<DigitalFileInformation MaintenanceType="A">
					<FileName>Brite_Zone_Handheld_Data_Sheet_-_GLB2021-097.pdf</FileName>
					<AssetType>DAS</AssetType>
					<FileType>PDF</FileType>
					<FileSize>1333644</FileSize>
					<AssetDates>
						<AssetDate assetDateType="CRE">2024-05-29</AssetDate>
					</AssetDates>
				</DigitalFileInformation>
				<DigitalFileInformation MaintenanceType="A">
					<FileName>Brite_Zone_Handheld_Data_Sheet_-_SP.pdf</FileName>
					<AssetType>DAS</AssetType>
					<FileType>PDF</FileType>
					<FileSize>1337470</FileSize>
					<AssetDates>
						<AssetDate assetDateType="CRE">2024-05-29</AssetDate>
					</AssetDates>
				</DigitalFileInformation>
				<DigitalFileInformation MaintenanceType="A">
					<FileName>Grote-BriteZoneBrochure_FRENCH_GLB-2022-009.pdf</FileName>
					<AssetType>PDB</AssetType>
					<FileType>PDF</FileType>
					<FileSize>10868244</FileSize>
					<AssetDates>
						<AssetDate assetDateType="CRE">2024-05-29</AssetDate>
					</AssetDates>
				</DigitalFileInformation>
				<DigitalFileInformation MaintenanceType="A">
					<FileName>Grote-BriteZoneBrochure_GLB2022-004.pdf</FileName>
					<AssetType>PDB</AssetType>
					<FileType>PDF</FileType>
					<FileSize>10869850</FileSize>
					<AssetDates>
						<AssetDate assetDateType="CRE">2024-05-29</AssetDate>
					</AssetDates>
				</DigitalFileInformation>
			</DigitalAssets>
		</Item>
		<Item MaintenanceType="A">
			<PartNumber>00211</PartNumber>
			<BrandAAIAID>BBTF</BrandAAIAID>
			<BrandLabel>Grote</BrandLabel>
			<ACESApplications>N</ACESApplications>
			<MinimumOrderQuantity UOM="EA">1</MinimumOrderQuantity>
			<PartTerminologyID>18780</PartTerminologyID>
			<Descriptions>
				<Description MaintenanceType="A" DescriptionCode="DES">COUNTERTOP DISPLAY KIT, BRITE ZONE™</Description>
				<Description MaintenanceType="A" DescriptionCode="MKT">Grote Industries is a global leader in the development, manufacture, and supply of innovative visibility and safety systems for the on-highway, off-highway, and trailer body builder markets. Grote’s heavy-duty lighting and safety products are designed to work when needed — rain or shine, day or night, wet or dry — no excuses. Grote products include a full range of vehicle lighting, electrical, and reflective systems, and the accessories necessary to support their long-life performance. Built to withstand the vibration, corrosion, moisture, and dust of the most punishing environments, Grote’s products feature high-strength materials and rugged, durable construction to help ensure your equipment gets the job done. Family owned since 1901, the company is headquartered in Madison, Indiana, and serves international customers with locations in Canada, Mexico, Europe, and Asia.</Description>
			</Descriptions>
			<ExtendedInformation>
				<ExtendedProductInformation MaintenanceType="A" EXPICode="CTO">US</ExtendedProductInformation>
				<ExtendedProductInformation MaintenanceType="A" EXPICode="HSB">9023000000</ExtendedProductInformation>
				<ExtendedProductInformation MaintenanceType="A" EXPICode="LIF">2</ExtendedProductInformation>
				<ExtendedProductInformation MaintenanceType="A" EXPICode="LIS">Available to Order</ExtendedProductInformation>
				<ExtendedProductInformation MaintenanceType="A" EXPICode="NPC">W</ExtendedProductInformation>
				<ExtendedProductInformation MaintenanceType="A" EXPICode="PLC">14</ExtendedProductInformation>
				<ExtendedProductInformation MaintenanceType="A" EXPICode="PLM">4</ExtendedProductInformation>
			</ExtendedInformation>
			<Packages>
				<Package MaintenanceType="A">
					<PackageUOM>PL</PackageUOM>
					<QuantityofEaches>56</QuantityofEaches>
					<Dimensions UOM="IN">
						<MerchandisingHeight>48.5000</MerchandisingHeight>
						<MerchandisingWidth>40.0000</MerchandisingWidth>
						<MerchandisingLength>48.0000</MerchandisingLength>
						<ShippingHeight>48.5000</ShippingHeight>
						<ShippingWidth>40.0000</ShippingWidth>
						<ShippingLength>48.0000</ShippingLength>
					</Dimensions>
					<Weights UOM="PG">
						<Weight>234.0800</Weight>
					</Weights>
				</Package>
				<Package MaintenanceType="A">
					<PackageUOM>EA</PackageUOM>
					<QuantityofEaches>1</QuantityofEaches>
					<Dimensions UOM="IN">
						<MerchandisingHeight>10.7500</MerchandisingHeight>
						<MerchandisingWidth>9.5000</MerchandisingWidth>
						<MerchandisingLength>12.0000</MerchandisingLength>
						<ShippingHeight>10.7500</ShippingHeight>
						<ShippingWidth>9.5000</ShippingWidth>
						<ShippingLength>12.0000</ShippingLength>
					</Dimensions>
					<Weights UOM="PG">
						<Weight>4.1800</Weight>
					</Weights>
				</Package>
			</Packages>
			<DigitalAssets>
				<DigitalFileInformation MaintenanceType="A">
					<FileName>00211.jpg</FileName>
					<AssetType>P04</AssetType>
					<FileType>JPG</FileType>
					<Representation>A</Representation>
					<FileSize>553268</FileSize>
					<Resolution>300</Resolution>
					<ColorMode>RGB</ColorMode>
					<Background>WHI</Background>
					<OrientationView>FRO</OrientationView>
					<AssetDimensions UOM="PX">
						<AssetHeight>1500.0</AssetHeight>
						<AssetWidth>1500.0</AssetWidth>
					</AssetDimensions>
					<AssetDates>
						<AssetDate assetDateType="CRE">2024-11-14</AssetDate>
					</AssetDates>
				</DigitalFileInformation>
			</DigitalAssets>
		</Item>
		<Item MaintenanceType="A">
			<HazardousMaterialCode>N</HazardousMaterialCode>
			<ItemLevelGTIN GTINQualifier="EN">00089373451039</ItemLevelGTIN>
			<PartNumber>43850</PartNumber>
			<BrandAAIAID>BBTF</BrandAAIAID>
			<BrandLabel>Grote</BrandLabel>
			<ACESApplications>N</ACESApplications>
			<ItemQuantitySize UOM="EA">1.0</ItemQuantitySize>
			<MinimumOrderQuantity UOM="EA">1</MinimumOrderQuantity>
			<PartTerminologyID>12497</PartTerminologyID>
			<VMRSCode>034004036</VMRSCode>
			<Descriptions>
				<Description MaintenanceType="A" DescriptionCode="ASC">MOUNTING BRACKET - BRKT,GRAY,LO PROFILE MNT,W/ATCHD PIGTAIL</Description>
				<Description MaintenanceType="A" DescriptionCode="DES">Low Profile Mounting Bracket, Gray</Description>
				<Description MaintenanceType="A" DescriptionCode="MKT">Grote Industries is a global leader in the development, manufacture, and supply of innovative visibility and safety systems for the on-highway, off-highway, and trailer body builder markets. Grote’s heavy-duty lighting and safety products are designed to work when needed — rain or shine, day or night, wet or dry — no excuses. Grote products include a full range of vehicle lighting, electrical, and reflective systems, and the accessories necessary to support their long-life performance. Built to withstand the vibration, corrosion, moisture, and dust of the most punishing environments, Grote’s products feature high-strength materials and rugged, durable construction to help ensure your equipment gets the job done. Family owned since 1901, the company is headquartered in Madison, Indiana, and serves international customers with locations in Canada, Mexico, Europe, and Asia.</Description>
				<Description MaintenanceType="A" DescriptionCode="SHO">Bracket</Description>
				<Description MaintenanceType="A" DescriptionCode="FAB" Sequence="1">Bracket-contained plug</Description>
				<Description MaintenanceType="A" DescriptionCode="KSW" Sequence="1">Low Profile Mounting Bracket</Description>
				<Description MaintenanceType="A" DescriptionCode="FAB" Sequence="2">Legal mount for combination clearance/marker lamp when mounted on a 45º angle (PC)</Description>
				<Description MaintenanceType="A" DescriptionCode="KSW" Sequence="2">Gray</Description>
				<Description MaintenanceType="A" DescriptionCode="FAB" Sequence="3">Bulk Pack</Description>
				<Description MaintenanceType="A" DescriptionCode="KSW" Sequence="3">Bracket-contained plug</Description>
				<Description MaintenanceType="A" DescriptionCode="KSW" Sequence="4">Legal mount for combination</Description>
				<Description MaintenanceType="A" DescriptionCode="KSW" Sequence="5">MOUNTING BRACKET Bracket</Description>
				<Description MaintenanceType="A" DescriptionCode="KSW" Sequence="6">GRAY</Description>
				<Description MaintenanceType="A" DescriptionCode="KSW" Sequence="7">LO PROFILE</Description>
				<Description MaintenanceType="A" DescriptionCode="KSW" Sequence="8">Turn Signal Light Bracket</Description>
			</Descriptions>
			<ExtendedInformation>
				<ExtendedProductInformation MaintenanceType="A" EXPICode="CTO">CN</ExtendedProductInformation>
				<ExtendedProductInformation MaintenanceType="A" EXPICode="HSB">3926909989</ExtendedProductInformation>
				<ExtendedProductInformation MaintenanceType="A" EXPICode="LIF">2</ExtendedProductInformation>
				<ExtendedProductInformation MaintenanceType="A" EXPICode="LIS">Available to Order</ExtendedProductInformation>
				<ExtendedProductInformation MaintenanceType="A" EXPICode="MSR">N</ExtendedProductInformation>
				<ExtendedProductInformation MaintenanceType="A" EXPICode="NPC">A</ExtendedProductInformation>
				<ExtendedProductInformation MaintenanceType="A" EXPICode="PLC">420</ExtendedProductInformation>
				<ExtendedProductInformation MaintenanceType="A" EXPICode="PLM">4</ExtendedProductInformation>
				<ExtendedProductInformation MaintenanceType="A" EXPICode="TAX">N</ExtendedProductInformation>
			</ExtendedInformation>
			<ProductAttributes>
				<ProductAttribute MaintenanceType="A" AttributeID="Color" PADBAttribute="N">Gray</ProductAttribute>
				<ProductAttribute MaintenanceType="A" AttributeID="Material" PADBAttribute="N">Polycarbonate</ProductAttribute>
				<ProductAttribute MaintenanceType="A" AttributeID="Mounting Type" PADBAttribute="N">Screw</ProductAttribute>
				<ProductAttribute MaintenanceType="A" AttributeID="Shape" PADBAttribute="N">Rectangular</ProductAttribute>
			</ProductAttributes>
			<Packages>
				<Package MaintenanceType="A">
					<PackageLevelGTIN>00089373137087</PackageLevelGTIN>
					<PackageBarCodeCharacters>089373137087</PackageBarCodeCharacters>
					<PackageUOM>CA</PackageUOM>
					<QuantityofEaches>6</QuantityofEaches>
					<Dimensions UOM="IN">
						<MerchandisingHeight>5.0000</MerchandisingHeight>
						<MerchandisingWidth>2.6800</MerchandisingWidth>
						<MerchandisingLength>2.7500</MerchandisingLength>
						<ShippingHeight>5.0000</ShippingHeight>
						<ShippingWidth>2.6800</ShippingWidth>
						<ShippingLength>2.7500</ShippingLength>
					</Dimensions>
					<Weights UOM="PG">
						<Weight>0.4400</Weight>
					</Weights>
				</Package>
				<Package MaintenanceType="A">
					<PackageUOM>PL</PackageUOM>
					<QuantityofEaches>10080</QuantityofEaches>
					<Dimensions UOM="IN">
						<MerchandisingHeight>51.7500</MerchandisingHeight>
						<MerchandisingWidth>40.0000</MerchandisingWidth>
						<MerchandisingLength>48.0000</MerchandisingLength>
						<ShippingHeight>51.7500</ShippingHeight>
						<ShippingWidth>40.0000</ShippingWidth>
						<ShippingLength>48.0000</ShippingLength>
					</Dimensions>
					<Weights UOM="PG">
						<Weight>783.8400</Weight>
					</Weights>
				</Package>
			</Packages>
			<DigitalAssets>
				<DigitalFileInformation MaintenanceType="A">
					<FileName>43850-Back.jpg</FileName>
					<AssetType>P01</AssetType>
					<FileType>JPG</FileType>
					<Representation>A</Representation>
					<FileSize>350883</FileSize>
					<Resolution>300</Resolution>
					<ColorMode>RGB</ColorMode>
					<Background>WHI</Background>
					<OrientationView>BAC</OrientationView>
					<AssetDimensions UOM="PX">
						<AssetHeight>1500.0</AssetHeight>
						<AssetWidth>1500.0</AssetWidth>
					</AssetDimensions>
					<AssetDates>
						<AssetDate assetDateType="CRE">2023-03-16</AssetDate>
					</AssetDates>
				</DigitalFileInformation>
				<DigitalFileInformation MaintenanceType="A">
					<FileName>43850-line-art.gif</FileName>
					<AssetType>LIN</AssetType>
					<FileType>GIF</FileType>
					<Representation>R</Representation>
					<FileSize>55341</FileSize>
					<Resolution>96</Resolution>
					<ColorMode>RGB</ColorMode>
					<Background>WHI</Background>
					<AssetDimensions UOM="PX">
						<AssetHeight>364.0</AssetHeight>
						<AssetWidth>600.0</AssetWidth>
					</AssetDimensions>
					<AssetDates>
						<AssetDate assetDateType="CRE">2024-07-01</AssetDate>
					</AssetDates>
				</DigitalFileInformation>
				<DigitalFileInformation MaintenanceType="A">
					<FileName>43850.jpg</FileName>
					<AssetType>P04</AssetType>
					<FileType>JPG</FileType>
					<Representation>A</Representation>
					<FileSize>310583</FileSize>
					<Resolution>300</Resolution>
					<ColorMode>RGB</ColorMode>
					<Background>WHI</Background>
					<OrientationView>FRO</OrientationView>
					<AssetDimensions UOM="PX">
						<AssetHeight>1500.0</AssetHeight>
						<AssetWidth>1500.0</AssetWidth>
					</AssetDimensions>
					<AssetDates>
						<AssetDate assetDateType="CRE">2023-03-16</AssetDate>
					</AssetDates>
				</DigitalFileInformation>
				<DigitalFileInformation MaintenanceType="A">
					<FileName>43850.pdf</FileName>
					<AssetType>DAS</AssetType>
					<FileType>PDF</FileType>
					<FileSize>577748</FileSize>
					<AssetDates>
						<AssetDate assetDateType="CRE">2024-05-29</AssetDate>
					</AssetDates>
				</DigitalFileInformation>
			</DigitalAssets>
		</Item>
		<Item MaintenanceType="A">
			<HazardousMaterialCode>N</HazardousMaterialCode>
			<ItemLevelGTIN GTINQualifier="EN">00089373110318</ItemLevelGTIN>
			<PartNumber>61141</PartNumber>
			<BrandAAIAID>BBTF</BrandAAIAID>
			<BrandLabel>Grote</BrandLabel>
			<ACESApplications>N</ACESApplications>
			<ItemQuantitySize UOM="EA">1.0</ItemQuantitySize>
			<MinimumOrderQuantity UOM="EA">1</MinimumOrderQuantity>
			<PartTerminologyID>2772</PartTerminologyID>
			<VMRSCode>034004452</VMRSCode>
			<Descriptions>
				<Description MaintenanceType="A" DescriptionCode="DES">4" Round Flange Mount LED Dome Lights, White</Description>
				<Description MaintenanceType="A" DescriptionCode="MKT">4" Round LED Dome Lamp - LED WhiteLight™ (Brighter Light, Better Performance). These lamps have a high output design, rated to 50,000 hours with low power consumption. Its low-profile design makes it great for trailer walls.</Description>
				<Description MaintenanceType="A" DescriptionCode="SHO">Lamp</Description>
				<Description MaintenanceType="A" DescriptionCode="FAB" Sequence="1">Encapsulant potting for total circuit board protection</Description>
				<Description MaintenanceType="A" DescriptionCode="KSW" Sequence="1">4 Round Flange Mount LED</Description>
				<Description MaintenanceType="A" DescriptionCode="FAB" Sequence="2">Chemical resistant acrylic lens, white powder coated housing</Description>
				<Description MaintenanceType="A" DescriptionCode="KSW" Sequence="2">Encapsulant potting for total circuit</Description>
				<Description MaintenanceType="A" DescriptionCode="FAB" Sequence="3">Hardwire terminations allow for easy connections to the existing wiring system</Description>
				<Description MaintenanceType="A" DescriptionCode="KSW" Sequence="3">.48A</Description>
				<Description MaintenanceType="A" DescriptionCode="FAB" Sequence="4">4-diode lamp has low amp draw and low heat emission</Description>
				<Description MaintenanceType="A" DescriptionCode="KSW" Sequence="4">Dome Light</Description>
				<Description MaintenanceType="A" DescriptionCode="FAB" Sequence="5">Low-profile design makes it great for trailer walls</Description>
				<Description MaintenanceType="A" DescriptionCode="FAB" Sequence="6">Allows for wide temperature operation from -40° to +140°F</Description>
			</Descriptions>
			<ExtendedInformation>
				<ExtendedProductInformation MaintenanceType="A" EXPICode="CTO">CA</ExtendedProductInformation>
				<ExtendedProductInformation MaintenanceType="A" EXPICode="HSB">8512202040</ExtendedProductInformation>
				<ExtendedProductInformation MaintenanceType="A" EXPICode="LIF">2</ExtendedProductInformation>
				<ExtendedProductInformation MaintenanceType="A" EXPICode="LIS">Available to Order</ExtendedProductInformation>
				<ExtendedProductInformation MaintenanceType="A" EXPICode="MSR">N</ExtendedProductInformation>
				<ExtendedProductInformation MaintenanceType="A" EXPICode="NPC">D</ExtendedProductInformation>
				<ExtendedProductInformation MaintenanceType="A" EXPICode="PLC">16</ExtendedProductInformation>
				<ExtendedProductInformation MaintenanceType="A" EXPICode="PLM">6</ExtendedProductInformation>
			</ExtendedInformation>
			<ProductAttributes>
				<ProductAttribute MaintenanceType="A" AttributeID="Amperage" PADBAttribute="N">.48A</ProductAttribute>
				<ProductAttribute MaintenanceType="A" AttributeID="Color" PADBAttribute="N">White</ProductAttribute>
				<ProductAttribute MaintenanceType="A" AttributeID="Diameter" PADBAttribute="N">4"</ProductAttribute>
				<ProductAttribute MaintenanceType="A" AttributeID="Material" PADBAttribute="N">Acrylic,Aluminum</ProductAttribute>
				<ProductAttribute MaintenanceType="A" AttributeID="Mounting Type" PADBAttribute="N">Recessed</ProductAttribute>
				<ProductAttribute MaintenanceType="A" AttributeID="Operating Temperature" PADBAttribute="N">-40°F to +122°F</ProductAttribute>
				<ProductAttribute MaintenanceType="A" AttributeID="Shape" PADBAttribute="N">Round</ProductAttribute>
				<ProductAttribute MaintenanceType="A" AttributeID="Size" PADBAttribute="N">4"</ProductAttribute>
				<ProductAttribute MaintenanceType="A" AttributeID="Style" PADBAttribute="N">Dome</ProductAttribute>
			</ProductAttributes>
			<Packages>
				<Package MaintenanceType="A">
					<PackageLevelGTIN>00089373158129</PackageLevelGTIN>
					<PackageBarCodeCharacters>089373158129</PackageBarCodeCharacters>
					<PackageUOM>CA</PackageUOM>
					<QuantityofEaches>8</QuantityofEaches>
					<Dimensions UOM="IN">
						<MerchandisingHeight>7.2500</MerchandisingHeight>
						<MerchandisingWidth>8.2500</MerchandisingWidth>
						<MerchandisingLength>12.0000</MerchandisingLength>
						<ShippingHeight>7.2500</ShippingHeight>
						<ShippingWidth>8.2500</ShippingWidth>
						<ShippingLength>12.0000</ShippingLength>
					</Dimensions>
					<Weights UOM="PG">
						<Weight>3.8600</Weight>
					</Weights>
				</Package>
				<Package MaintenanceType="A">
					<PackageUOM>PL</PackageUOM>
					<QuantityofEaches>768</QuantityofEaches>
					<Dimensions UOM="IN">
						<MerchandisingHeight>49.0000</MerchandisingHeight>
						<MerchandisingWidth>40.0000</MerchandisingWidth>
						<MerchandisingLength>48.0000</MerchandisingLength>
						<ShippingHeight>49.0000</ShippingHeight>
						<ShippingWidth>40.0000</ShippingWidth>
						<ShippingLength>48.0000</ShippingLength>
					</Dimensions>
					<Weights UOM="PG">
						<Weight>370.5600</Weight>
					</Weights>
				</Package>
			</Packages>
			<DigitalAssets>
				<DigitalFileInformation MaintenanceType="A">
					<FileName>61141-Back.jpg</FileName>
					<AssetType>P01</AssetType>
					<FileType>JPG</FileType>
					<Representation>A</Representation>
					<FileSize>486211</FileSize>
					<Resolution>300</Resolution>
					<ColorMode>RGB</ColorMode>
					<Background>WHI</Background>
					<OrientationView>BAC</OrientationView>
					<AssetDimensions UOM="PX">
						<AssetHeight>1500.0</AssetHeight>
						<AssetWidth>1500.0</AssetWidth>
					</AssetDimensions>
					<AssetDates>
						<AssetDate assetDateType="CRE">2023-11-15</AssetDate>
					</AssetDates>
				</DigitalFileInformation>
				<DigitalFileInformation MaintenanceType="A">
					<FileName>61141-line-art.gif</FileName>
					<AssetType>LIN</AssetType>
					<FileType>GIF</FileType>
					<Representation>R</Representation>
					<FileSize>53488</FileSize>
					<Resolution>96</Resolution>
					<ColorMode>RGB</ColorMode>
					<Background>WHI</Background>
					<AssetDimensions UOM="PX">
						<AssetHeight>576.0</AssetHeight>
						<AssetWidth>600.0</AssetWidth>
					</AssetDimensions>
					<AssetDates>
						<AssetDate assetDateType="CRE">2024-07-01</AssetDate>
					</AssetDates>
				</DigitalFileInformation>
				<DigitalFileInformation MaintenanceType="A">
					<FileName>61141.jpg</FileName>
					<AssetType>P04</AssetType>
					<FileType>JPG</FileType>
					<Representation>A</Representation>
					<FileSize>537943</FileSize>
					<Resolution>300</Resolution>
					<ColorMode>RGB</ColorMode>
					<Background>WHI</Background>
					<OrientationView>FRO</OrientationView>
					<AssetDimensions UOM="PX">
						<AssetHeight>1500.0</AssetHeight>
						<AssetWidth>1500.0</AssetWidth>
					</AssetDimensions>
					<AssetDates>
						<AssetDate assetDateType="CRE">2023-03-16</AssetDate>
					</AssetDates>
				</DigitalFileInformation>
				<DigitalFileInformation MaintenanceType="A">
					<FileName>61141.pdf</FileName>
					<AssetType>DAS</AssetType>
					<FileType>PDF</FileType>
					<FileSize>612639</FileSize>
					<AssetDates>
						<AssetDate assetDateType="CRE">2024-05-29</AssetDate>
					</AssetDates>
				</DigitalFileInformation>
			</DigitalAssets>
		</Item>
		<Item MaintenanceType="A">
			<HazardousMaterialCode>N</HazardousMaterialCode>
			<ItemLevelGTIN GTINQualifier="EN">00089373148731</ItemLevelGTIN>
			<PartNumber>G6261</PartNumber>
			<BrandAAIAID>BBTF</BrandAAIAID>
			<BrandLabel>Grote</BrandLabel>
			<ACESApplications>N</ACESApplications>
			<ItemQuantitySize UOM="EA">1.0</ItemQuantitySize>
			<MinimumOrderQuantity UOM="EA">1</MinimumOrderQuantity>
			<PartTerminologyID>10351</PartTerminologyID>
			<VMRSCode>034004068</VMRSCode>
			<Descriptions>
				<Description MaintenanceType="A" DescriptionCode="ASC">HI COUNT LED - 12V</Description>
				<Description MaintenanceType="A" DescriptionCode="DES">Hi Count® LED Courtesy Light, Steel</Description>
				<Description MaintenanceType="A" DescriptionCode="MKT">This Hi Count® 12V, stainless steel courtesy lamp uses LED technology which reduces maintenance costs.</Description>
				<Description MaintenanceType="A" DescriptionCode="SHO">Lamp</Description>
				<Description MaintenanceType="A" DescriptionCode="FAB" Sequence="1">Mounts using two #6 screws</Description>
				<Description MaintenanceType="A" DescriptionCode="KSW" Sequence="1">Hi Count LED Courtesy Light</Description>
				<Description MaintenanceType="A" DescriptionCode="FAB" Sequence="2">uses LED technology to reduce maintenance costs</Description>
				<Description MaintenanceType="A" DescriptionCode="KSW" Sequence="2">Bulk pack Bulk pack this is</Description>
				<Description MaintenanceType="A" DescriptionCode="FAB" Sequence="3">Longer life than incandescent</Description>
				<Description MaintenanceType="A" DescriptionCode="KSW" Sequence="3">Longer life than incandescent</Description>
				<Description MaintenanceType="A" DescriptionCode="KSW" Sequence="4">uses</Description>
				<Description MaintenanceType="A" DescriptionCode="KSW" Sequence="5">HI COUNT LED 12V</Description>
				<Description MaintenanceType="A" DescriptionCode="KSW" Sequence="6">.02A</Description>
				<Description MaintenanceType="A" DescriptionCode="KSW" Sequence="7">12V</Description>
				<Description MaintenanceType="A" DescriptionCode="KSW" Sequence="8">Courtesy Light</Description>
			</Descriptions>
			<ExtendedInformation>
				<ExtendedProductInformation MaintenanceType="A" EXPICode="CTO">CN</ExtendedProductInformation>
				<ExtendedProductInformation MaintenanceType="A" EXPICode="HSB">8512202040</ExtendedProductInformation>
				<ExtendedProductInformation MaintenanceType="A" EXPICode="LIF">2</ExtendedProductInformation>
				<ExtendedProductInformation MaintenanceType="A" EXPICode="LIS">Available to Order</ExtendedProductInformation>
				<ExtendedProductInformation MaintenanceType="A" EXPICode="MSR">N</ExtendedProductInformation>
				<ExtendedProductInformation MaintenanceType="A" EXPICode="NPC">C</ExtendedProductInformation>
				<ExtendedProductInformation MaintenanceType="A" EXPICode="PLC">64</ExtendedProductInformation>
				<ExtendedProductInformation MaintenanceType="A" EXPICode="PLM">5</ExtendedProductInformation>
				<ExtendedProductInformation MaintenanceType="A" EXPICode="TAX">N</ExtendedProductInformation>
			</ExtendedInformation>
			<ProductAttributes>
				<ProductAttribute MaintenanceType="A" AttributeID="Amperage" PADBAttribute="N">.02A</ProductAttribute>
				<ProductAttribute MaintenanceType="A" AttributeID="Color" PADBAttribute="N">White</ProductAttribute>
				<ProductAttribute MaintenanceType="A" AttributeID="Connection Type" PADBAttribute="N">Blunt Cut,Ring Terminal</ProductAttribute>
				<ProductAttribute MaintenanceType="A" AttributeID="Finish" PADBAttribute="N">Chrome Plated</ProductAttribute>
				<ProductAttribute MaintenanceType="A" AttributeID="Height" PADBAttribute="N">2"</ProductAttribute>
				<ProductAttribute MaintenanceType="A" AttributeID="Housing Color" PADBAttribute="N">Chrome</ProductAttribute>
				<ProductAttribute MaintenanceType="A" AttributeID="LED" PADBAttribute="N">Y</ProductAttribute>
				<ProductAttribute MaintenanceType="A" AttributeID="Length" PADBAttribute="N">3"</ProductAttribute>
				<ProductAttribute MaintenanceType="A" AttributeID="Lens Color" PADBAttribute="N">Clear</ProductAttribute>
				<ProductAttribute MaintenanceType="A" AttributeID="Material" PADBAttribute="N">Polycarbonate Housing,Polycarbonate Lens,Steel Cover</ProductAttribute>
				<ProductAttribute MaintenanceType="A" AttributeID="Mounting Type" PADBAttribute="N">Bracket</ProductAttribute>
				<ProductAttribute MaintenanceType="A" AttributeID="Product Line - Trademark" PADBAttribute="N">Hi Count®</ProductAttribute>
				<ProductAttribute MaintenanceType="A" AttributeID="Shape" PADBAttribute="N">Round</ProductAttribute>
				<ProductAttribute MaintenanceType="A" AttributeID="Style" PADBAttribute="N">Courtesy</ProductAttribute>
				<ProductAttribute MaintenanceType="A" AttributeID="Voltage" PADBAttribute="N">12V</ProductAttribute>
			</ProductAttributes>
			<Packages>
				<Package MaintenanceType="A">
					<PackageLevelGTIN>00089373161419</PackageLevelGTIN>
					<PackageBarCodeCharacters>089373161419</PackageBarCodeCharacters>
					<PackageUOM>CA</PackageUOM>
					<QuantityofEaches>6</QuantityofEaches>
					<Dimensions UOM="IN">
						<MerchandisingHeight>5.7500</MerchandisingHeight>
						<MerchandisingWidth>4.1300</MerchandisingWidth>
						<MerchandisingLength>5.5000</MerchandisingLength>
						<ShippingHeight>5.7500</ShippingHeight>
						<ShippingWidth>4.1300</ShippingWidth>
						<ShippingLength>5.5000</ShippingLength>
					</Dimensions>
					<Weights UOM="PG">
						<Weight>0.7400</Weight>
					</Weights>
				</Package>
				<Package MaintenanceType="A">
					<PackageUOM>PL</PackageUOM>
					<QuantityofEaches>1920</QuantityofEaches>
					<Dimensions UOM="IN">
						<MerchandisingHeight>50.0000</MerchandisingHeight>
						<MerchandisingWidth>40.0000</MerchandisingWidth>
						<MerchandisingLength>48.0000</MerchandisingLength>
						<ShippingHeight>50.0000</ShippingHeight>
						<ShippingWidth>40.0000</ShippingWidth>
						<ShippingLength>48.0000</ShippingLength>
					</Dimensions>
					<Weights UOM="PG">
						<Weight>265.5200</Weight>
					</Weights>
				</Package>
				<Package MaintenanceType="A">
					<PackageLevelGTIN>00089373148731</PackageLevelGTIN>
					<PackageBarCodeCharacters>089373148731</PackageBarCodeCharacters>
					<PackageUOM>EA</PackageUOM>
					<QuantityofEaches>1</QuantityofEaches>
					<Dimensions UOM="IN">
						<MerchandisingHeight>3.0000</MerchandisingHeight>
						<MerchandisingWidth>3.5000</MerchandisingWidth>
						<MerchandisingLength>6.0000</MerchandisingLength>
						<ShippingHeight>3.0000</ShippingHeight>
						<ShippingWidth>3.5000</ShippingWidth>
						<ShippingLength>6.0000</ShippingLength>
					</Dimensions>
					<Weights UOM="PG">
						<Weight>0.1226</Weight>
					</Weights>
				</Package>
			</Packages>
			<DigitalAssets>
				<DigitalFileInformation MaintenanceType="A">
					<FileName>G6261-Back.jpg</FileName>
					<AssetType>P01</AssetType>
					<FileType>JPG</FileType>
					<Representation>A</Representation>
					<FileSize>294715</FileSize>
					<Resolution>300</Resolution>
					<ColorMode>RGB</ColorMode>
					<Background>WHI</Background>
					<OrientationView>BAC</OrientationView>
					<AssetDimensions UOM="PX">
						<AssetHeight>1500.0</AssetHeight>
						<AssetWidth>1500.0</AssetWidth>
					</AssetDimensions>
					<AssetDates>
						<AssetDate assetDateType="CRE">2023-11-13</AssetDate>
					</AssetDates>
				</DigitalFileInformation>
				<DigitalFileInformation MaintenanceType="A">
					<FileName>G6261-line-art.gif</FileName>
					<AssetType>LIN</AssetType>
					<FileType>GIF</FileType>
					<Representation>R</Representation>
					<FileSize>65602</FileSize>
					<Resolution>96</Resolution>
					<ColorMode>RGB</ColorMode>
					<Background>WHI</Background>
					<AssetDimensions UOM="PX">
						<AssetHeight>649.0</AssetHeight>
						<AssetWidth>600.0</AssetWidth>
					</AssetDimensions>
					<AssetDates>
						<AssetDate assetDateType="CRE">2024-07-01</AssetDate>
					</AssetDates>
				</DigitalFileInformation>
				<DigitalFileInformation MaintenanceType="A">
					<FileName>G6261.jpg</FileName>
					<AssetType>P04</AssetType>
					<FileType>JPG</FileType>
					<Representation>A</Representation>
					<FileSize>275880</FileSize>
					<Resolution>300</Resolution>
					<ColorMode>RGB</ColorMode>
					<Background>WHI</Background>
					<OrientationView>FRO</OrientationView>
					<AssetDimensions UOM="PX">
						<AssetHeight>1500.0</AssetHeight>
						<AssetWidth>1500.0</AssetWidth>
					</AssetDimensions>
					<AssetDates>
						<AssetDate assetDateType="CRE">2024-04-22</AssetDate>
					</AssetDates>
				</DigitalFileInformation>
				<DigitalFileInformation MaintenanceType="A">
					<FileName>G6261_-_GLB2020-36.pdf</FileName>
					<AssetType>DAS</AssetType>
					<FileType>PDF</FileType>
					<FileSize>162189</FileSize>
					<AssetDates>
						<AssetDate assetDateType="CRE">2024-05-29</AssetDate>
					</AssetDates>
				</DigitalFileInformation>
			</DigitalAssets>
		</Item>
	</Items>
	<Trailer>
		<ItemCount>2246</ItemCount>
		<TransactionDate>2025-10-31</TransactionDate>
	</Trailer>
</PIES>