﻿<?xml version="1.0" encoding="utf-8"?>
<PIES xmlns:xsi="http://www.w3.org/2001/XMLSchema-instance" xmlns:xsd="http://www.w3.org/2001/XMLSchema" xmlns="http://www.autocare.org">
	<Header>
		<PIESVersion>7.2</PIESVersion>
		<SubmissionType>FULL</SubmissionType>
		<BlanketEffectiveDate>2025-07-09</BlanketEffectiveDate>
		<ParentDUNSNumber>007273865</ParentDUNSNumber>
		<ParentVMRSID>BLDFL</ParentVMRSID>
		<ParentAAIAID>CMMG</ParentAAIAID>
		<BrandOwnerDUNS>007273865</BrandOwnerDUNS>
		<BrandOwnerVMRSID>BLDFL</BrandOwnerVMRSID>
		<TechnicalContact>Teresa Reeder</TechnicalContact>
		<ContactEmail>Teresa.Reeder@parker.com</ContactEmail>
		<PCdbVersionDate>2025-05-29</PCdbVersionDate>
	</Header>
	<Items>
		<Item MaintenanceType="A">
			<HazardousMaterialCode>N</HazardousMaterialCode>
			<PartNumber>B2</PartNumber>
			<BrandAAIAID>BFDG</BrandAAIAID>
			<BrandLabel>Baldwin</BrandLabel>
			<ACESApplications>Y</ACESApplications>
			<QuantityPerApplication Qualifier="NOR" UOM="EA">1</QuantityPerApplication>
			<MinimumOrderQuantity UOM="CA">12</MinimumOrderQuantity>
			<PartTerminologyID>5340</PartTerminologyID>
			<Descriptions>
				<Description MaintenanceType="A" DescriptionCode="ASC" LanguageCode="EN" Sequence="OC0000700422">Full-Flow Lube Spin-on</Description>
				<Description MaintenanceType="A" DescriptionCode="DES" LanguageCode="EN" Sequence="OC0000700425">Full-Flow Lube Spin-on</Description>
				<Description MaintenanceType="A" DescriptionCode="SHO" LanguageCode="EN" Sequence="OC0000700426">Lube Spin-on</Description>
				<Description MaintenanceType="A" DescriptionCode="ASC" LanguageCode="EN" Sequence="OC0000733526">Full-Flow Lube Spin-on</Description>
				<Description MaintenanceType="A" DescriptionCode="DES" LanguageCode="EN" Sequence="OC0000733527">Full-Flow Lube Spin-on</Description>
				<Description MaintenanceType="A" DescriptionCode="SHO" LanguageCode="EN" Sequence="OC0000733528">Lube Spin-on</Description>
			</Descriptions>
			<Prices>
				<Pricing MaintenanceType="A" PriceType="LST">
					<PriceSheetNumber>B100</PriceSheetNumber>
					<EffectiveDate>2023-01-01</EffectiveDate>
					<Price UOM="PE">24.8500</Price>
				</Pricing>
				<Pricing MaintenanceType="A" PriceType="ZZ1">
					<PriceSheetNumber>B100</PriceSheetNumber>
					<EffectiveDate>2023-01-01</EffectiveDate>
					<Price UOM="PE">11.6000</Price>
				</Pricing>
				<Pricing MaintenanceType="A" PriceType="JBR">
					<PriceSheetNumber>B100</PriceSheetNumber>
					<EffectiveDate>2023-01-01</EffectiveDate>
					<Price UOM="PE">9.9400</Price>
				</Pricing>
			</Prices>
			<ExtendedInformation>
				<ExtendedProductInformation MaintenanceType="A" EXPICode="CTO">US</ExtendedProductInformation>
				<ExtendedProductInformation MaintenanceType="A" EXPICode="HSB">8421230000</ExtendedProductInformation>
				<ExtendedProductInformation MaintenanceType="A" EXPICode="MSR">N</ExtendedProductInformation>
			</ExtendedInformation>
			<ProductAttributes>
				<ProductAttribute MaintenanceType="A" AttributeID="Fits" PADBAttribute="N">Chrysler, Ford, Mazda, Toyota Automotive, Light-Duty Trucks; Freightliner, International, Kenworth, Mack, Volvo Trucks; Allis Chalmers, Case, Caterpillar, Ford, John Deere, New Holland Equipment</ProductAttribute>
				<ProductAttribute MaintenanceType="A" AttributeID="Height" PADBAttribute="N">5.40625</ProductAttribute>
				<ProductAttribute MaintenanceType="A" AttributeID="Height (mm)" PADBAttribute="N">137.3</ProductAttribute>
				<ProductAttribute MaintenanceType="A" AttributeID="Integral Gasket" PADBAttribute="N">{G381-A}</ProductAttribute>
				<ProductAttribute MaintenanceType="A" AttributeID="Notes" PADBAttribute="N">Can be used with {OB40079} base.</ProductAttribute>
				<ProductAttribute MaintenanceType="A" AttributeID="Outside Diameter 1" PADBAttribute="N">3.6875</ProductAttribute>
				<ProductAttribute MaintenanceType="A" AttributeID="Outside Diameter 1 (mm)" PADBAttribute="N">93.7</ProductAttribute>
				<ProductAttribute MaintenanceType="A" AttributeID="Per Inch" PADBAttribute="N">16</ProductAttribute>
				<ProductAttribute MaintenanceType="A" AttributeID="Related to" PADBAttribute="N">{B34} (Short Version)</ProductAttribute>
				<ProductAttribute MaintenanceType="A" AttributeID="Replaces" PADBAttribute="N">Allis Chalmers 7023700-0; Case A146696; Ford B7A-6714-A, C9NN-6714-A</ProductAttribute>
				<ProductAttribute MaintenanceType="A" AttributeID="Thread" PADBAttribute="N">4-Mar</ProductAttribute>
				<ProductAttribute MaintenanceType="A" AttributeID="Contains" PADBAttribute="N">Anti-Drainback Valve;8 PSID By-Pass Valve;Front End By-Pass Valve</ProductAttribute>
			</ProductAttributes>
			<Packages>
				<Package MaintenanceType="A">
					<PackageUOM>PL</PackageUOM>
					<QuantityofEaches>840</QuantityofEaches>
					<Weights UOM="PG">
						<Weight>1018.5000</Weight>
					</Weights>
				</Package>
				<Package MaintenanceType="A">
					<PackageUOM>CA</PackageUOM>
					<QuantityofEaches>12</QuantityofEaches>
				</Package>
				<Package MaintenanceType="A">
					<PackageUOM>EA</PackageUOM>
					<QuantityofEaches>1</QuantityofEaches>
					<Weights UOM="PG">
						<Weight>1.2130</Weight>
					</Weights>
				</Package>
			</Packages>
			<DigitalAssets>
				<DigitalFileInformation MaintenanceType="A" LanguageCode="EN">
					<FileName>B2.jpg</FileName>
					<AssetType>P04</AssetType>
					<FileType>JPG</FileType>
					<Representation>A</Representation>
					<Resolution>300</Resolution>
					<ColorMode>RGB</ColorMode>
					<Background>WHI</Background>
					<OrientationView>FRO</OrientationView>
					<AssetDimensions UOM="IN">
						<AssetHeight>1.0</AssetHeight>
						<AssetWidth>1.0</AssetWidth>
					</AssetDimensions>
				</DigitalFileInformation>
			</DigitalAssets>
		</Item>
		<Item MaintenanceType="A">
			<HazardousMaterialCode>N</HazardousMaterialCode>
			<PartNumber>B2-HPG</PartNumber>
			<BrandAAIAID>BFDG</BrandAAIAID>
			<BrandLabel>Baldwin</BrandLabel>
			<ACESApplications>N</ACESApplications>
			<QuantityPerApplication Qualifier="NOR" UOM="EA">1</QuantityPerApplication>
			<MinimumOrderQuantity UOM="EA">1</MinimumOrderQuantity>
			<PartTerminologyID>5340</PartTerminologyID>
			<Descriptions>
				<Description MaintenanceType="A" DescriptionCode="ASC" LanguageCode="EN" Sequence="OC0000700566">High Performance Full-Flow Lube Spin-on</Description>
				<Description MaintenanceType="A" DescriptionCode="DES" LanguageCode="EN" Sequence="OC0000700569">High Performance Full-Flow Lube Spin-on</Description>
				<Description MaintenanceType="A" DescriptionCode="SHO" LanguageCode="EN" Sequence="OC0000700570">Lube Spin-on</Description>
				<Description MaintenanceType="A" DescriptionCode="ASC" LanguageCode="EN" Sequence="OC0000733613">High Performance Full-Flow Lube Spin-on</Description>
				<Description MaintenanceType="A" DescriptionCode="DES" LanguageCode="EN" Sequence="OC0000733614">High Performance Full-Flow Lube Spin-on</Description>
				<Description MaintenanceType="A" DescriptionCode="SHO" LanguageCode="EN" Sequence="OC0000733615">Lube Spin-on</Description>
			</Descriptions>
			<Prices>
				<Pricing MaintenanceType="A" PriceType="LST">
					<PriceSheetNumber>B100</PriceSheetNumber>
					<EffectiveDate>2023-01-01</EffectiveDate>
					<Price UOM="PE">66.7000</Price>
				</Pricing>
				<Pricing MaintenanceType="A" PriceType="JBR">
					<PriceSheetNumber>B100</PriceSheetNumber>
					<EffectiveDate>2023-01-01</EffectiveDate>
					<Price UOM="PE">26.6800</Price>
				</Pricing>
				<Pricing MaintenanceType="A" PriceType="ZZ1">
					<PriceSheetNumber>B100</PriceSheetNumber>
					<EffectiveDate>2023-01-01</EffectiveDate>
					<Price UOM="PE">31.1500</Price>
				</Pricing>
			</Prices>
			<ExtendedInformation>
				<ExtendedProductInformation MaintenanceType="A" EXPICode="CTO">US</ExtendedProductInformation>
				<ExtendedProductInformation MaintenanceType="A" EXPICode="HSB">8421230000</ExtendedProductInformation>
				<ExtendedProductInformation MaintenanceType="A" EXPICode="MSR">N</ExtendedProductInformation>
			</ExtendedInformation>
			<ProductAttributes>
				<ProductAttribute MaintenanceType="A" AttributeID="Contains" PADBAttribute="N">Anti-Drainback Valve;8 PSID Front End By-Pass Valve</ProductAttribute>
				<ProductAttribute MaintenanceType="A" AttributeID="Fits" PADBAttribute="N">Antonio Carraro, Hagie, Hymac, Steyr-Daimler-Puch Equipment; Iveco, R.V.I. Trucks</ProductAttribute>
				<ProductAttribute MaintenanceType="A" AttributeID="Replaces" PADBAttribute="N">Allis Chalmers 7023700-0; Case A146696; Ford B7A-6714-A, C9NN-6714-A</ProductAttribute>
				<ProductAttribute MaintenanceType="A" AttributeID="Outside Diameter 1 (mm)" PADBAttribute="N">93.7</ProductAttribute>
				<ProductAttribute MaintenanceType="A" AttributeID="Outside Diameter 1" PADBAttribute="N">3.6875</ProductAttribute>
				<ProductAttribute MaintenanceType="A" AttributeID="Thread" PADBAttribute="N">4-Mar</ProductAttribute>
				<ProductAttribute MaintenanceType="A" AttributeID="Per Inch" PADBAttribute="N">16</ProductAttribute>
				<ProductAttribute MaintenanceType="A" AttributeID="Integral Gasket" PADBAttribute="N">{G381-A}</ProductAttribute>
				<ProductAttribute MaintenanceType="A" AttributeID="Height (mm)" PADBAttribute="N">137.3</ProductAttribute>
				<ProductAttribute MaintenanceType="A" AttributeID="Height" PADBAttribute="N">5.40625</ProductAttribute>
			</ProductAttributes>
			<Packages>
				<Package MaintenanceType="A">
					<PackageUOM>CA</PackageUOM>
					<QuantityofEaches>12</QuantityofEaches>
				</Package>
				<Package MaintenanceType="A">
					<PackageUOM>PL</PackageUOM>
					<QuantityofEaches>1056</QuantityofEaches>
					<Weights UOM="PG">
						<Weight>1227.6000</Weight>
					</Weights>
				</Package>
				<Package MaintenanceType="A">
					<PackageUOM>EA</PackageUOM>
					<QuantityofEaches>1</QuantityofEaches>
					<Weights UOM="PG">
						<Weight>1.1630</Weight>
					</Weights>
				</Package>
			</Packages>
			<DigitalAssets>
				<DigitalFileInformation MaintenanceType="A" LanguageCode="EN">
					<FileName>B2-HPG.jpg</FileName>
					<AssetType>P04</AssetType>
					<FileType>JPG</FileType>
					<Representation>A</Representation>
					<Resolution>300</Resolution>
					<ColorMode>RGB</ColorMode>
					<Background>WHI</Background>
					<OrientationView>FRO</OrientationView>
					<AssetDimensions UOM="IN">
						<AssetHeight>1.0</AssetHeight>
						<AssetWidth>1.0</AssetWidth>
					</AssetDimensions>
				</DigitalFileInformation>
			</DigitalAssets>
		</Item>
		</Items>
	<Trailer>
		<ItemCount>6919</ItemCount>
		<TransactionDate>2025-07-09</TransactionDate>
	</Trailer>
</PIES>