﻿<?xml version="1.0" encoding="utf-8"?>
<PIES xmlns:xsi="http://www.w3.org/2001/XMLSchema-instance" xmlns:xsd="http://www.w3.org/2001/XMLSchema" xmlns="http://www.autocare.org">
	<Header>
		<PIESVersion>7.2</PIESVersion>
		<SubmissionType>FULL</SubmissionType>
		<ParentAAIAID>BFCN</ParentAAIAID>
		<ContactEmail>hunter.browning@grote.com</ContactEmail>
		<PCdbVersionDate>2025-09-25</PCdbVersionDate>
		<PAdbVersionDate>2025-09-25</PAdbVersionDate>
	</Header>
	<Items>
		<Item MaintenanceType="A">
			<PartNumber>00170</PartNumber>
			<BrandAAIAID>BBTF</BrandAAIAID>
			<BrandLabel>Grote</BrandLabel>
			<ACESApplications>N</ACESApplications>
			<MinimumOrderQuantity UOM="EA">1</MinimumOrderQuantity>
			<PartTerminologyID>18780</PartTerminologyID>
			<Descriptions>
				<Description MaintenanceType="A" DescriptionCode="DES">BriteZone® LED Work Light, Counter Top Display, 33" x 12" x 16"</Description>
				<Description MaintenanceType="A" DescriptionCode="MKT">BriteZone®, Grote’s line of affordable LED lights, are designed to work when you need them—no excuses. Rain or shine, day or night, wet or dry—Grote’s signature design, quality and performance are on display. With rugged, durable construction and LED power that far outshines halogen, BriteZone® lights get the job done.</Description>
				<Description MaintenanceType="A" DescriptionCode="SHO">Work Light</Description>
				<Description MaintenanceType="A" DescriptionCode="FAB" Sequence="1">Sheds light on any use—even tow trucks, garbage trucks and forklifts— without breaking the bank</Description>
				<Description MaintenanceType="A" DescriptionCode="FAB" Sequence="2">Rugged, durable construction</Description>
				<Description MaintenanceType="A" DescriptionCode="FAB" Sequence="3">LED power that far outshines halogen</Description>
				<Description MaintenanceType="A" DescriptionCode="FAB" Sequence="4">Value priced to meet your budget</Description>
			</Descriptions>
			<ExtendedInformation>
				<ExtendedProductInformation MaintenanceType="A" EXPICode="CTO">US</ExtendedProductInformation>
				<ExtendedProductInformation MaintenanceType="A" EXPICode="HSB">9023000000</ExtendedProductInformation>
				<ExtendedProductInformation MaintenanceType="A" EXPICode="LIF">2</ExtendedProductInformation>
				<ExtendedProductInformation MaintenanceType="A" EXPICode="LIS">Available to Order</ExtendedProductInformation>
				<ExtendedProductInformation MaintenanceType="A" EXPICode="PLC">3</ExtendedProductInformation>
				<ExtendedProductInformation MaintenanceType="A" EXPICode="PLM">2</ExtendedProductInformation>
			</ExtendedInformation>
			<ProductAttributes>
				<ProductAttribute MaintenanceType="A" AttributeID="Color" PADBAttribute="N">Gray,Yellow</ProductAttribute>
				<ProductAttribute MaintenanceType="A" AttributeID="Material" PADBAttribute="N">Sintra</ProductAttribute>
				<ProductAttribute MaintenanceType="A" AttributeID="Product Line - Trademark" PADBAttribute="N">BriteZone®</ProductAttribute>
			</ProductAttributes>
			<Packages>
				<Package MaintenanceType="A">
					<PackageUOM>PL</PackageUOM>
					<QuantityofEaches>6</QuantityofEaches>
					<Dimensions UOM="IN">
						<MerchandisingHeight>43.5000</MerchandisingHeight>
						<MerchandisingWidth>40.0000</MerchandisingWidth>
						<MerchandisingLength>48.0000</MerchandisingLength>
						<ShippingHeight>43.5000</ShippingHeight>
						<ShippingWidth>40.0000</ShippingWidth>
						<ShippingLength>48.0000</ShippingLength>
					</Dimensions>
					<Weights UOM="PG">
						<Weight>217.3200</Weight>
					</Weights>
				</Package>
				<Package MaintenanceType="A">
					<PackageUOM>EA</PackageUOM>
					<QuantityofEaches>1</QuantityofEaches>
					<Dimensions UOM="IN">
						<MerchandisingHeight>19.0000</MerchandisingHeight>
						<MerchandisingWidth>16.0000</MerchandisingWidth>
						<MerchandisingLength>36.0000</MerchandisingLength>
						<ShippingHeight>19.0000</ShippingHeight>
						<ShippingWidth>16.0000</ShippingWidth>
						<ShippingLength>36.0000</ShippingLength>
					</Dimensions>
					<Weights UOM="PG">
						<Weight>36.2200</Weight>
					</Weights>
				</Package>
			</Packages>
			<DigitalAssets>
				<DigitalFileInformation MaintenanceType="A">
					<FileName>01-4244-70-back.jpg</FileName>
					<AssetType>P01</AssetType>
					<FileType>JPG</FileType>
					<Representation>A</Representation>
					<FileSize>398373</FileSize>
					<Resolution>300</Resolution>
					<ColorMode>RGB</ColorMode>
					<Background>WHI</Background>
					<OrientationView>BAC</OrientationView>
					<AssetDimensions UOM="PX">
						<AssetHeight>1500.0</AssetHeight>
						<AssetWidth>1500.0</AssetWidth>
					</AssetDimensions>
					<AssetDates>
						<AssetDate assetDateType="CRE">2024-10-10</AssetDate>
					</AssetDates>
				</DigitalFileInformation>
				<DigitalFileInformation MaintenanceType="A">
					<FileName>01-4244-70-side.jpg</FileName>
					<AssetType>P01</AssetType>
					<FileType>JPG</FileType>
					<Representation>A</Representation>
					<FileSize>282289</FileSize>
					<Resolution>300</Resolution>
					<ColorMode>RGB</ColorMode>
					<Background>WHI</Background>
					<OrientationView>SID</OrientationView>
					<AssetDimensions UOM="PX">
						<AssetHeight>1500.0</AssetHeight>
						<AssetWidth>1500.0</AssetWidth>
					</AssetDimensions>
					<AssetDates>
						<AssetDate assetDateType="CRE">2024-10-10</AssetDate>
					</AssetDates>
				</DigitalFileInformation>
				<DigitalFileInformation MaintenanceType="A">
					<FileName>01-4244-70.jpg</FileName>
					<AssetType>P04</AssetType>
					<FileType>JPG</FileType>
					<Representation>A</Representation>
					<FileSize>432654</FileSize>
					<Resolution>300</Resolution>
					<ColorMode>RGB</ColorMode>
					<Background>WHI</Background>
					<OrientationView>FRO</OrientationView>
					<AssetDimensions UOM="PX">
						<AssetHeight>1500.0</AssetHeight>
						<AssetWidth>1500.0</AssetWidth>
					</AssetDimensions>
					<AssetDates>
						<AssetDate assetDateType="CRE">2024-10-10</AssetDate>
					</AssetDates>
				</DigitalFileInformation>
			</DigitalAssets>
		</Item>

		<Item MaintenanceType="A">
			<ItemLevelGTIN GTINQualifier="EN">00089373028859</ItemLevelGTIN>
			<PartNumber>01-4244-70</PartNumber>
			<BrandAAIAID>BBTF</BrandAAIAID>
			<BrandLabel>Grote</BrandLabel>
			<ACESApplications>N</ACESApplications>
			<ContainerType>BX</ContainerType>
			<MinimumOrderQuantity UOM="EA">1</MinimumOrderQuantity>
			<PartTerminologyID>16519</PartTerminologyID>
			<Descriptions>
				<Description MaintenanceType="A" DescriptionCode="DES">Mounting Brackets for 7" Round Sealed Beam Headlights</Description>
				<Description MaintenanceType="A" DescriptionCode="FAB" Sequence="1">For mounting 64H71-5, 63101-5, and 90941-5</Description>
				<Description MaintenanceType="A" DescriptionCode="FAB" Sequence="2">Individual Pack</Description>
			</Descriptions>
			<ExtendedInformation>
				<ExtendedProductInformation MaintenanceType="A" EXPICode="CTO">CN</ExtendedProductInformation>
				<ExtendedProductInformation MaintenanceType="A" EXPICode="HSB">8302303060</ExtendedProductInformation>
				<ExtendedProductInformation MaintenanceType="A" EXPICode="LIF">2</ExtendedProductInformation>
				<ExtendedProductInformation MaintenanceType="A" EXPICode="LIS">Available to Order</ExtendedProductInformation>
				<ExtendedProductInformation MaintenanceType="A" EXPICode="PLC">6</ExtendedProductInformation>
				<ExtendedProductInformation MaintenanceType="A" EXPICode="PLM">2</ExtendedProductInformation>
			</ExtendedInformation>
			<ProductAttributes>
				<ProductAttribute MaintenanceType="A" AttributeID="Application" PADBAttribute="N">Headlight Mount</ProductAttribute>
				<ProductAttribute MaintenanceType="A" AttributeID="Diameter" PADBAttribute="N">210.7 mm</ProductAttribute>
				<ProductAttribute MaintenanceType="A" AttributeID="Finish" PADBAttribute="N">Stainless Steel</ProductAttribute>
				<ProductAttribute MaintenanceType="A" AttributeID="Material" PADBAttribute="N">Passivated Stainless Steel 304</ProductAttribute>
				<ProductAttribute MaintenanceType="A" AttributeID="Mounting Type" PADBAttribute="N">Screw</ProductAttribute>
				<ProductAttribute MaintenanceType="A" AttributeID="Prop 65 Cancer Warning" PADBAttribute="N">Y</ProductAttribute>
				<ProductAttribute MaintenanceType="A" AttributeID="Prop 65 Chemical Related To Cancer Warning" PADBAttribute="N">Nickel</ProductAttribute>
				<ProductAttribute MaintenanceType="A" AttributeID="Prop 65 Label Required" PADBAttribute="N">Y</ProductAttribute>
				<ProductAttribute MaintenanceType="A" AttributeID="Prop 65 Repr. Harm Warning" PADBAttribute="N">N</ProductAttribute>
				<ProductAttribute MaintenanceType="A" AttributeID="ROHS" PADBAttribute="N">Yes</ProductAttribute>
				<ProductAttribute MaintenanceType="A" AttributeID="Standards" PADBAttribute="N">FMVSS 108 S14.5.4 or SAE J575e (70) H corrosion,FMVSS 108, 571.108 S14.5.1 SAE J575e (70) 6G vibration</ProductAttribute>
			</ProductAttributes>
			<Packages>
				<Package MaintenanceType="A">
					<PackageLevelGTIN>00089373028842</PackageLevelGTIN>
					<PackageBarCodeCharacters>089373028842</PackageBarCodeCharacters>
					<PackageUOM>CA</PackageUOM>
					<QuantityofEaches>20</QuantityofEaches>
					<Dimensions UOM="IN">
						<MerchandisingHeight>15.0000</MerchandisingHeight>
						<MerchandisingWidth>18.0000</MerchandisingWidth>
						<MerchandisingLength>18.2500</MerchandisingLength>
						<ShippingHeight>15.0000</ShippingHeight>
						<ShippingWidth>18.0000</ShippingWidth>
						<ShippingLength>18.2500</ShippingLength>
					</Dimensions>
					<Weights UOM="PG">
						<Weight>27.0400</Weight>
					</Weights>
				</Package>
				<Package MaintenanceType="A">
					<PackageUOM>PL</PackageUOM>
					<QuantityofEaches>240</QuantityofEaches>
					<Dimensions UOM="IN">
						<MerchandisingHeight>42.0000</MerchandisingHeight>
						<MerchandisingWidth>40.0000</MerchandisingWidth>
						<MerchandisingLength>48.0000</MerchandisingLength>
						<ShippingHeight>42.0000</ShippingHeight>
						<ShippingWidth>40.0000</ShippingWidth>
						<ShippingLength>48.0000</ShippingLength>
					</Dimensions>
					<Weights UOM="PG">
						<Weight>324.4800</Weight>
					</Weights>
				</Package>
				<Package MaintenanceType="A">
					<PackageLevelGTIN>00089373028859</PackageLevelGTIN>
					<PackageBarCodeCharacters>089373028859</PackageBarCodeCharacters>
					<PackageUOM>EA</PackageUOM>
					<QuantityofEaches>1</QuantityofEaches>
					<Dimensions UOM="IN">
						<MerchandisingHeight>2.7500</MerchandisingHeight>
						<MerchandisingWidth>8.7500</MerchandisingWidth>
						<MerchandisingLength>8.7500</MerchandisingLength>
						<ShippingHeight>2.7500</ShippingHeight>
						<ShippingWidth>8.7500</ShippingWidth>
						<ShippingLength>8.7500</ShippingLength>
					</Dimensions>
					<Weights UOM="PG">
						<Weight>1.2420</Weight>
					</Weights>
				</Package>
			</Packages>
			<DigitalAssets>
				<DigitalFileInformation MaintenanceType="A">
					<FileName>01-4244-70-back.jpg</FileName>
					<AssetType>P01</AssetType>
					<FileType>JPG</FileType>
					<Representation>A</Representation>
					<FileSize>398373</FileSize>
					<Resolution>300</Resolution>
					<ColorMode>RGB</ColorMode>
					<Background>WHI</Background>
					<OrientationView>BAC</OrientationView>
					<AssetDimensions UOM="PX">
						<AssetHeight>1500.0</AssetHeight>
						<AssetWidth>1500.0</AssetWidth>
					</AssetDimensions>
					<AssetDates>
						<AssetDate assetDateType="CRE">2024-10-10</AssetDate>
					</AssetDates>
				</DigitalFileInformation>
				<DigitalFileInformation MaintenanceType="A">
					<FileName>01-4244-70-side.jpg</FileName>
					<AssetType>P01</AssetType>
					<FileType>JPG</FileType>
					<Representation>A</Representation>
					<FileSize>282289</FileSize>
					<Resolution>300</Resolution>
					<ColorMode>RGB</ColorMode>
					<Background>WHI</Background>
					<OrientationView>SID</OrientationView>
					<AssetDimensions UOM="PX">
						<AssetHeight>1500.0</AssetHeight>
						<AssetWidth>1500.0</AssetWidth>
					</AssetDimensions>
					<AssetDates>
						<AssetDate assetDateType="CRE">2024-10-10</AssetDate>
					</AssetDates>
				</DigitalFileInformation>
				<DigitalFileInformation MaintenanceType="A">
					<FileName>01-4244-70.jpg</FileName>
					<AssetType>P04</AssetType>
					<FileType>JPG</FileType>
					<Representation>A</Representation>
					<FileSize>432654</FileSize>
					<Resolution>300</Resolution>
					<ColorMode>RGB</ColorMode>
					<Background>WHI</Background>
					<OrientationView>FRO</OrientationView>
					<AssetDimensions UOM="PX">
						<AssetHeight>1500.0</AssetHeight>
						<AssetWidth>1500.0</AssetWidth>
					</AssetDimensions>
					<AssetDates>
						<AssetDate assetDateType="CRE">2024-10-10</AssetDate>
					</AssetDates>
				</DigitalFileInformation>
			</DigitalAssets>
		</Item>
	</Items>
		<Trailer>
		<ItemCount>2246</ItemCount>
		<TransactionDate>2025-10-31</TransactionDate>
	</Trailer>
</PIES>